Year,SSA,C. Europe,N. America,Australia
1961,22.88800097,65.88864242,42.88018236,37.29944399
1962,23.70829092,69.56861852,43.75563184,40.93679508
1963,24.47597841,70.00551239,45.57730903,42.13099291
1964,25.09243936,70.83604129,45.82440344,44.42869681
1965,25.33077122,71.13263046,47.77981125,43.64274669
1966,25.92175424,72.92604891,48.28650761,46.12309337
1967,27.68295762,76.97517813,49.56715241,44.29702545
1968,27.6075026,78.57938041,50.80497859,49.12488117
1969,29.30189459,76.49088886,51.30457262,48.70316309
1970,30.46547857,79.4317195,50.52903047,50.20764281
1971,30.75091614,80.14282077,54.75868863,51.68231067
1972,30.60492922,79.74113416,54.37245399,52.89034578
1973,30.40274814,84.15281959,55.13173113,54.00221021
1974,32.56245536,86.20356772,53.78476099,49.36918708
1975,32.71090289,83.44705394,57.63075916,53.75233254
1976,32.59732451,83.98954665,59.54390244,57.40472989
1977,32.98199696,85.2898935,61.89581289,56.10606912
1978,33.56752301,89.5167075,62.05594565,61.12603009
1979,33.38493855,91.48805278,64.45687749,59.63948628
1980,34.14181702,91.31527241,62.14891243,55.75841081
1981,35.55967434,90.18075249,67.78721912,58.8400937
1982,35.53711511,95.03310192,68.361369,56.08911798
1983,35.2501185,93.73793556,59.43049154,62.93608252
1984,35.58395201,99.12395979,66.9104206,61.1419986
1985,37.90998986,97.64636759,70.15084005,62.88312236
1986,39.15037239,99.66075266,67.97383955,63.45672939
1987,39.30563362,98.77242617,67.77221395,63.2829994
1988,41.78802051,98.10523776,62.58074461,65.81355358
1989,43.30344943,99.03248265,68.19005193,64.93403711
1990,43.87207346,99.31822483,71.3911259,66.89785435
1991,47.28303471,93.02421569,69.96329858,67.71269377
1992,46.95919912,91.7184587,74.92860951,67.45795983
1993,48.78528237,90.55396974,69.88125882,69.21825149
1994,49.87745568,87.52664546,79.18352365,72.39771946
1995,50.94995995,88.51224127,74.18414826,67.99777825
1996,54.126675,90.9308292,79.13130655,73.52716218
1997,55.24387669,91.3231842,81.39652271,79.71328337
1998,57.304976,90.96211674,82.17679254,80.26427953
1999,59.69715132,92.17391185,83.96419271,82.33387105
2000,60.28258758,92.50606292,85.46551374,85.87001079
2001,62.37995752,91.09252795,83.7848895,86.10913527
2002,64.56853016,91.97831137,81.89213785,86.90690822
2003,66.83087981,88.67325545,85.43139634,76.01377198
2004,69.51443746,94.58137542,91.04364122,87.84995759
2005,72.96202389,91.62219693,89.24959323,86.72695662
2006,75.26969727,89.91385925,87.63509452,89.25333631
2007,75.34295372,90.30034343,91.73428236,79.15729039
2008,78.93705086,94.28537437,93.41357239,80.88174894
2009,79.22115076,94.82991254,94.71245336,85.77922255
2010,86.68693826,92.62001183,94.52227659,85.74853632
2011,86.66914315,95.95999467,93.63547441,90.27097343
2012,90.70658611,93.24970479,93.63650631,95.88773972
2013,94.17280165,95.30684074,98.94946153,96.67776452
2014,98.89735425,99.91676664,100.8164183,100.2925559
2015,100,100,100,100
2016,101.8427567,98.64221934,108.2246127,98.03594096
2017,105.4575405,100.8943965,106.2705292,105.1631471
2018,110.6984323,98.00082029,107.2394316,99.88839173
2019,112.2248533,100.5448727,104.5729242,93.53348063
2020,115.7629325,99.58290372,107.9616135,91.07740342
2021,116.6311821,100.900767,107.7037037,104.3571803
