Year,Location,Value
1880,Global,-0.49
1881,Global,-0.42
1882,Global,-0.44
1883,Global,-0.65
1884,Global,-0.7
1885,Global,-0.55
1886,Global,-0.49
1887,Global,-0.47
1888,Global,-0.4
1889,Global,-0.25
1890,Global,-0.48
1891,Global,-0.51
1892,Global,-0.48
1893,Global,-0.54
1894,Global,-0.41
1895,Global,-0.4
1896,Global,-0.34
1897,Global,-0.27
1898,Global,-0.4
1899,Global,-0.22
1900,Global,-0.15
1901,Global,-0.12
1902,Global,-0.3
1903,Global,-0.38
1904,Global,-0.41
1905,Global,-0.32
1906,Global,-0.15
1907,Global,-0.59
1908,Global,-0.42
1909,Global,-0.41
1910,Global,-0.34
1911,Global,-0.48
1912,Global,-0.48
1913,Global,-0.31
1914,Global,-0.06
1915,Global,-0.09
1916,Global,-0.47
1917,Global,-0.63
1918,Global,-0.5
1919,Global,-0.33
1920,Global,-0.36
1921,Global,-0.14
1922,Global,-0.27
1923,Global,-0.29
1924,Global,-0.25
1925,Global,-0.15
1926,Global,-0.02
1927,Global,-0.22
1928,Global,-0.14
1929,Global,-0.48
1930,Global,-0.11
1931,Global,-0.02
1932,Global,-0.03
1933,Global,-0.35
1934,Global,-0.06
1935,Global,-0.18
1936,Global,-0.13
1937,Global,-0.02
1938,Global,0.17
1939,Global,0.09
1940,Global,0.07
1941,Global,0.1
1942,Global,0.06
1943,Global,0.07
1944,Global,0.2
1945,Global,-0.07
1946,Global,0
1947,Global,0.05
1948,Global,0.06
1949,Global,-0.06
1950,Global,-0.32
1951,Global,-0.06
1952,Global,-0.05
1953,Global,0.2
1954,Global,-0.13
1955,Global,-0.11
1956,Global,-0.4
1957,Global,-0.04
1958,Global,0.14
1959,Global,0.08
1960,Global,-0.01
1961,Global,0.11
1962,Global,0.15
1963,Global,0.21
1964,Global,-0.22
1965,Global,-0.13
1966,Global,-0.06
1967,Global,0.01
1968,Global,-0.12
1969,Global,-0.09
1970,Global,0.04
1971,Global,-0.03
1972,Global,-0.17
1973,Global,0.34
1974,Global,-0.19
1975,Global,0.14
1976,Global,-0.24
1977,Global,0.25
1978,Global,0.1
1979,Global,0.17
1980,Global,0.31
1981,Global,0.52
1982,Global,0.11
1983,Global,0.5
1984,Global,0.06
1985,Global,0.1
1986,Global,0.3
1987,Global,0.45
1988,Global,0.58
1989,Global,0.36
1990,Global,0.65
1991,Global,0.53
1992,Global,0.24
1993,Global,0.35
1994,Global,0.48
1995,Global,0.77
1996,Global,0.34
1997,Global,0.64
1998,Global,0.98
1999,Global,0.78
2000,Global,0.63
2001,Global,0.85
2002,Global,0.96
2003,Global,0.95
2004,Global,0.82
2005,Global,1.09
2006,Global,0.98
2007,Global,1.12
2008,Global,0.89
2009,Global,0.91
2010,Global,1.15
2011,Global,0.92
2012,Global,0.96
2013,Global,1.03
2014,Global,1.01
2015,Global,1.4
2016,Global,1.52
2017,Global,1.39
2018,Global,1.19
2019,Global,1.4
2020,Global,1.57
2021,Global,1.35
2022,Global,1.29
1927,Australia,12.52
1928,Australia,12.52
1929,Australia,12.25
1930,Australia,12.71
1931,Australia,12.27
1932,Australia,12.7
1933,Australia,12.87
1934,Australia,12.68
1935,Australia,11.92
1936,Australia,12.02
1937,Australia,12.51
1938,Australia,13.24
1939,Australia,13.09
1940,Australia,12.88
1941,Australia,12.48
1942,Australia,12.98
1943,Australia,11.92
1944,Australia,12.53
1945,Australia,12.62
1946,Australia,12.69
1947,Australia,12.81
1948,Australia,11.67
1949,Australia,12.03
1950,Australia,12.74
1951,Australia,12.55
1952,Australia,12.39
1953,Australia,12.07
1954,Australia,12.53
1955,Australia,11.96
1956,Australia,11.55
1957,Australia,12.44
1958,Australia,12.9
1959,Australia,12.76
1960,Australia,11.89
1961,Australia,12.51
1962,Australia,12.38
1963,Australia,12.65
1964,Australia,12.52
1965,Australia,12.62
1966,Australia,12.38
1967,Australia,13.05
1968,Australia,13.11
1969,Australia,12.75
1970,Australia,12.07
1971,Australia,12.4
1972,Australia,12.77
1973,Australia,13.77
1974,Australia,12.71
1975,Australia,12.82
1976,Australia,12.6
1977,Australia,12.91
1978,Australia,12.89
1979,Australia,13.18
1980,Australia,13.85
1981,Australia,13.73
1982,Australia,13.41
1983,Australia,13.48
1984,Australia,12.13
1985,Australia,12.65
1986,Australia,12.6
1987,Australia,12.92
1988,Australia,13.47
1989,Australia,13.03
1990,Australia,13.21
1991,Australia,13.83
1992,Australia,12.24
1993,Australia,12.85
1994,Australia,12.89
1995,Australia,13.24
1996,Australia,12.19
1997,Australia,12.86
1998,Australia,13.17
1999,Australia,13.67
2000,Australia,12.7
2001,Australia,13.16
2002,Australia,13.21
2003,Australia,13.31
2004,Australia,13.58
2005,Australia,13.79
2006,Australia,14.13
2007,Australia,14.38
2008,Australia,13.36
2009,Australia,14.03
2010,Australia,13.49
2011,Australia,13.17
2012,Australia,12.58
2013,Australia,13.92
2014,Australia,14.06
2015,Australia,13.74
2016,Australia,14.31
2017,Australia,14.03
2018,Australia,14.38
2019,Australia,14.77
2020,Australia,14.31
2021,Australia,12.95
2022,Australia,13.31
2023,Australia,13.51
2024,Australia,13.73
1949,Canada,3.55
1950,Canada,1.02
1951,Canada,1.47
1952,Canada,3.56
1953,Canada,4.38
1954,Canada,3.09
1955,Canada,3.07
1956,Canada,2.74
1957,Canada,3.65
1958,Canada,4.55
1959,Canada,2.86
1960,Canada,4
1961,Canada,4.84
1962,Canada,2.89
1963,Canada,4.66
1964,Canada,4.11
1965,Canada,1.63
1966,Canada,2.07
1967,Canada,3.34
1968,Canada,4.01
1969,Canada,1.91
1970,Canada,3.58
1971,Canada,2.76
1972,Canada,1.94
1973,Canada,2.93
1974,Canada,3.33
1975,Canada,3.84
1976,Canada,4.88
1977,Canada,5.31
1978,Canada,2.74
1979,Canada,2.54
1980,Canada,4.22
1981,Canada,6.42
1982,Canada,1.93
1983,Canada,4.69
1984,Canada,3.68
1985,Canada,2.6
1986,Canada,4.88
1987,Canada,6.37
1988,Canada,5.74
1989,Canada,3.84
1990,Canada,4.98
1991,Canada,4.44
1992,Canada,5.39
1993,Canada,3.83
1994,Canada,4.22
1995,Canada,3.54
1996,Canada,1.73
1997,Canada,3.47
1998,Canada,5.81
1999,Canada,4.29
2000,Canada,4.52
2001,Canada,4.99
2002,Canada,3.53
2003,Canada,4.13
2004,Canada,4.36
2005,Canada,4.88
2006,Canada,5.12
2007,Canada,4.91
2008,Canada,4.55
2009,Canada,3.55
2010,Canada,4.1
2011,Canada,3.2
2012,Canada,5.27
2013,Canada,3.93
2014,Canada,3.15
2015,Canada,5.85
2016,Canada,6.41
2017,Canada,4.44
2018,Canada,3.88
2019,Canada,3.64
2020,Canada,3.88
2021,Canada,6.04
2022,Canada,4.69
2023,Canada,5.18
2024,Canada,5.59
1939,US,17.32
1940,US,15.27
1941,US,16.57
1942,US,16.09
1943,US,16.38
1944,US,16.19
1945,US,16.19
1946,US,15.91
1947,US,15.91
1948,US,15.51
1949,US,15.72
1950,US,15.49
1951,US,15.43
1952,US,16.42
1953,US,16.95
1954,US,17.96
1955,US,16.82
1956,US,16.88
1957,US,15.72
1958,US,15.92
1959,US,15.36
1960,US,15.72
1961,US,15.3
1962,US,15.77
1963,US,17.69
1964,US,16.18
1965,US,16.6
1966,US,16.08
1967,US,15.42
1968,US,15.31
1969,US,15.345
1970,US,15.38
1971,US,16.01
1972,US,16.22
1973,US,15.75
1974,US,15.93
1975,US,15.68
1976,US,15.52
1977,US,16.61
1978,US,15.51
1979,US,14.7
1980,US,17.01
1981,US,16.46
1982,US,15.91
1983,US,16.46
1984,US,15.06
1985,US,15.69
1986,US,15.98
1987,US,16.25
1988,US,15.64
1989,US,15.51
1990,US,16.61
1991,US,16.23
1992,US,16.24
1993,US,16.08
1994,US,15.92
1995,US,16.08
1996,US,15.43
1997,US,15.56
1998,US,17.11
1999,US,16.82
2000,US,16.85
2001,US,16.18
2002,US,16.22
2003,US,16.12
2004,US,16.26
2005,US,17.01
2006,US,17.31
2007,US,16.89
2008,US,15.97
2009,US,15.93
2010,US,16.16
2011,US,16.77
2012,US,18.22
2013,US,15.75
2014,US,15.08
2015,US,16.44
2016,US,18.11
2017,US,17.17
2018,US,16.31
2019,US,15.93
2020,US,16.66
2021,US,16.36
2022,US,17.14
2023,US,16.71
2024,US,17.62
1942,SSA,28.36
1943,SSA,28.36
1944,SSA,27.46
1945,SSA,27.46
1946,SSA,28.09
1947,SSA,28.14
1948,SSA,27.71
1949,SSA,28.04
1950,SSA,27.47
1951,SSA,28.51
1952,SSA,27.67
1953,SSA,27.97
1954,SSA,27.74
1955,SSA,27.97
1956,SSA,27.87
1957,SSA,28.16
1958,SSA,28.25
1959,SSA,27.89
1960,SSA,27.75
1961,SSA,26.89
1962,SSA,27.89
1963,SSA,28.66
1964,SSA,28.05
1965,SSA,28.18
1966,SSA,29.18
1967,SSA,28.22
1968,SSA,28.43
1969,SSA,29.25
1970,SSA,28.14
1971,SSA,28.16
1972,SSA,28.76
1973,SSA,28.54
1974,SSA,28.48
1975,SSA,28.42
1976,SSA,28.96
1977,SSA,27.72
1978,SSA,28.82
1979,SSA,29.09
1980,SSA,28.8
1981,SSA,28.13
1982,SSA,28.73
1983,SSA,28.45
1984,SSA,29.29
1985,SSA,28.73
1986,SSA,29.01
1987,SSA,28.96
1988,SSA,29.05
1989,SSA,27.99
1990,SSA,28.88
1991,SSA,29.32
1992,SSA,27.95
1993,SSA,28.96
1994,SSA,28.59
1995,SSA,28.88
1996,SSA,29.39
1997,SSA,29.145
1998,SSA,28.9
1999,SSA,28.96
2000,SSA,29.32
2001,SSA,28.56
2002,SSA,28.77
2003,SSA,29.16
2004,SSA,29.11
2005,SSA,29.37
2006,SSA,29.76
2007,SSA,29.36
2008,SSA,28.89
2009,SSA,29.97
2010,SSA,30.13
2011,SSA,29.53
2012,SSA,29.24
2013,SSA,29.48
2014,SSA,29.72
2015,SSA,29.69
2016,SSA,29.54
2017,SSA,29.4
2018,SSA,29.81
2019,SSA,29.28
2020,SSA,29.43
2021,SSA,30.43
2022,SSA,28.77
2023,SSA,30.41
2024,SSA,30.12
1949,Brazil,18.03
1950,Brazil,17.43
1951,Brazil,18.62
1952,Brazil,18.43
1953,Brazil,18.89
1954,Brazil,17.57
1955,Brazil,17.71
1956,Brazil,17.44
1957,Brazil,19.03
1958,Brazil,19.15
1959,Brazil,18.37
1960,Brazil,18.24
1961,Brazil,18.38
1962,Brazil,18.09
1963,Brazil,18.81
1964,Brazil,18.34
1965,Brazil,19.55
1966,Brazil,18.39
1967,Brazil,18.34
1968,Brazil,17.82
1969,Brazil,19
1970,Brazil,18.36
1971,Brazil,17.72
1972,Brazil,19.52
1973,Brazil,18.84
1974,Brazil,18.35
1975,Brazil,18.3
1976,Brazil,19.3
1977,Brazil,19.61
1978,Brazil,19.04
1979,Brazil,19.3
1980,Brazil,19.57
1981,Brazil,18.95
1982,Brazil,18.95
1983,Brazil,19.13
1984,Brazil,19.31
1985,Brazil,18.94
1986,Brazil,18.94
1987,Brazil,20.14
1988,Brazil,18.86
1989,Brazil,18.88
1990,Brazil,18.77
1991,Brazil,19.18
1992,Brazil,20.2
1993,Brazil,19.66
1994,Brazil,19.18
1995,Brazil,19.07
1996,Brazil,18.15
1997,Brazil,19.205
1998,Brazil,20.26
1999,Brazil,18.89
2000,Brazil,18.99
2001,Brazil,19.14
2002,Brazil,19.26
2003,Brazil,19.26
2004,Brazil,19.5
2005,Brazil,19.23
2006,Brazil,19.56
2007,Brazil,18.76
2008,Brazil,19.39
2009,Brazil,19.75
2010,Brazil,19.24
2011,Brazil,19.28
2012,Brazil,19.73
2013,Brazil,19.09
2014,Brazil,19.62
2015,Brazil,20.03
2016,Brazil,20.18
2017,Brazil,20.19
2018,Brazil,19.38
2019,Brazil,19.68
2020,Brazil,19.51
2021,Brazil,19.18
2022,Brazil,18.65
2023,Brazil,21.47
2024,Brazil,20.42
1880,CentralEurope,9.9
1881,CentralEurope,9.37
1882,CentralEurope,10.77
1883,CentralEurope,9.77
1884,CentralEurope,10.07
1885,CentralEurope,10.94
1886,CentralEurope,10.19
1887,CentralEurope,9.61
1888,CentralEurope,9.02
1889,CentralEurope,10.11
1890,CentralEurope,10.31
1891,CentralEurope,9.1
1892,CentralEurope,10.03
1893,CentralEurope,8.95
1894,CentralEurope,10.56
1895,CentralEurope,9.49
1896,CentralEurope,9.69
1897,CentralEurope,10.26
1898,CentralEurope,10.11
1899,CentralEurope,9.86
1900,CentralEurope,10.46
1901,CentralEurope,10.01
1902,CentralEurope,10.07
1903,CentralEurope,10.16
1904,CentralEurope,10.66
1905,CentralEurope,10.43
1906,CentralEurope,10.77
1907,CentralEurope,9.78
1908,CentralEurope,10.08
1909,CentralEurope,9.96
1910,CentralEurope,10.69
1911,CentralEurope,10.79
1912,CentralEurope,9.29
1913,CentralEurope,9.77
1914,CentralEurope,9.5
1915,CentralEurope,9.94
1916,CentralEurope,11
1917,CentralEurope,10.7
1918,CentralEurope,10.26
1919,CentralEurope,9.95
1920,CentralEurope,10.52
1921,CentralEurope,11.03
1922,CentralEurope,9.47
1923,CentralEurope,10.91
1924,CentralEurope,9.77
1925,CentralEurope,10.59
1926,CentralEurope,10.72
1927,CentralEurope,11.08
1928,CentralEurope,10.43
1929,CentralEurope,9.36
1930,CentralEurope,11.38
1931,CentralEurope,10.14
1932,CentralEurope,10.18
1933,CentralEurope,10.14
1934,CentralEurope,11.13
1935,CentralEurope,10.74
1936,CentralEurope,10.99
1937,CentralEurope,10.92
1938,CentralEurope,10.97
1939,CentralEurope,10.9
1940,CentralEurope,8.8
1941,CentralEurope,9.11
1942,CentralEurope,9.62
1943,CentralEurope,11.09
1944,CentralEurope,10.61
1945,CentralEurope,10.76
1946,CentralEurope,11.45
1947,CentralEurope,10.89
1948,CentralEurope,11.45
1949,CentralEurope,11
1950,CentralEurope,11.5
1951,CentralEurope,11.89
1952,CentralEurope,11
1953,CentralEurope,11.01
1954,CentralEurope,9.66
1955,CentralEurope,10.29
1956,CentralEurope,9.66
1957,CentralEurope,11.1
1958,CentralEurope,10.88
1959,CentralEurope,11.07
1960,CentralEurope,10.96
1961,CentralEurope,11.84
1962,CentralEurope,10.23
1963,CentralEurope,10.12
1964,CentralEurope,9.8
1965,CentralEurope,9.54
1966,CentralEurope,11.1
1967,CentralEurope,11.29
1968,CentralEurope,11.14
1969,CentralEurope,10.4
1970,CentralEurope,9.96
1971,CentralEurope,10.54
1972,CentralEurope,10.96
1973,CentralEurope,10.84
1974,CentralEurope,10.91
1975,CentralEurope,11.48
1976,CentralEurope,10.58
1977,CentralEurope,11.03
1978,CentralEurope,9.64
1979,CentralEurope,10.75
1980,CentralEurope,9.89
1981,CentralEurope,10.92
1982,CentralEurope,10.76
1983,CentralEurope,11.89
1984,CentralEurope,10.47
1985,CentralEurope,9.55
1986,CentralEurope,11.09
1987,CentralEurope,10.05
1988,CentralEurope,10.79
1989,CentralEurope,11.5
1990,CentralEurope,11.77
1991,CentralEurope,10.68
1992,CentralEurope,11.81
1993,CentralEurope,10.84
1994,CentralEurope,12.46
1995,CentralEurope,11.43
1996,CentralEurope,10.28
1997,CentralEurope,10.51
1998,CentralEurope,11.62
1999,CentralEurope,11.01
2000,CentralEurope,12.43
2001,CentralEurope,11.85
2002,CentralEurope,11.98
2003,CentralEurope,11.46
2004,CentralEurope,11.21
2005,CentralEurope,11.18
2006,CentralEurope,11.63
2007,CentralEurope,13
2008,CentralEurope,12.08
2009,CentralEurope,12.35
2010,CentralEurope,11.18
2011,CentralEurope,11.48
2012,CentralEurope,12.69
2013,CentralEurope,11.96
2014,CentralEurope,13.06
2015,CentralEurope,12.8
2016,CentralEurope,12.43
2017,CentralEurope,11.99
2018,CentralEurope,13.35
2019,CentralEurope,13.2
2020,CentralEurope,12.54
2021,CentralEurope,12.01
2022,CentralEurope,12.78
2023,CentralEurope,13.12
2024,CentralEurope,12.81
