Year,Country,SPEI
1950,Australia,1.104350833
1951,Australia,-0.1459425
1952,Australia,0.264715833
1953,Australia,-0.080435833
1954,Australia,0.582706667
1955,Australia,0.690276667
1956,Australia,0.944295833
1957,Australia,-0.112396667
1958,Australia,-0.341595833
1959,Australia,0.141645
1960,Australia,0.252895
1961,Australia,0.226035833
1962,Australia,0.3393725
1963,Australia,0.579534167
1964,Australia,0.1395625
1965,Australia,-0.6222725
1966,Australia,-0.007438333
1967,Australia,-0.102963333
1968,Australia,0.1771725
1969,Australia,-0.2003575
1970,Australia,0.017031667
1971,Australia,0.457629167
1972,Australia,-0.438609167
1973,Australia,0.375673333
1974,Australia,0.337509167
1975,Australia,0.304670833
1976,Australia,0.4581875
1977,Australia,0.061
1978,Australia,0.822299167
1979,Australia,-0.4458675
1980,Australia,-0.290265833
1981,Australia,0.144655
1982,Australia,-0.604493333
1983,Australia,0.38538
1984,Australia,0.321883333
1985,Australia,0.03245
1986,Australia,0.024420833
1987,Australia,0.220480833
1988,Australia,-0.150051667
1989,Australia,0.280820833
1990,Australia,-0.151765
1991,Australia,-0.689751667
1992,Australia,-0.204463333
1993,Australia,-0.065666667
1994,Australia,-0.181675
1995,Australia,-0.116543333
1996,Australia,0.270580833
1997,Australia,0.364264167
1998,Australia,0.4600525
1999,Australia,0.37403
2000,Australia,0.290268333
2001,Australia,-0.074854167
2002,Australia,-0.752335833
2003,Australia,-0.236386667
2004,Australia,-0.060218333
2005,Australia,-0.780935
2006,Australia,-0.466733333
2007,Australia,-0.067555833
2008,Australia,0.2750925
2009,Australia,-0.552634167
2010,Australia,0.984613333
2011,Australia,-0.005015
2012,Australia,0.054285833
2013,Australia,-0.957545
2014,Australia,-0.577009167
2015,Australia,-0.543188333
2016,Australia,-0.0411325
2017,Australia,-1.052178333
2018,Australia,-0.899091667
2019,Australia,-0.949945
2020,Australia,-0.461893333
2021,Australia,0.108336667
2022,Australia,0.646008333
1950,Central_Eur,-0.123875
1951,Central_Eur,0.031219167
1952,Central_Eur,0.160014167
1953,Central_Eur,-0.336179167
1954,Central_Eur,-0.056013333
1955,Central_Eur,0.7599725
1956,Central_Eur,0.036349167
1957,Central_Eur,0.048306667
1958,Central_Eur,0.298893333
1959,Central_Eur,-0.065115
1960,Central_Eur,0.288786667
1961,Central_Eur,-0.691941667
1962,Central_Eur,0.241575
1963,Central_Eur,-0.18478
1964,Central_Eur,0.177848333
1965,Central_Eur,0.174825833
1966,Central_Eur,0.255299167
1967,Central_Eur,0.070195
1968,Central_Eur,0.086686667
1969,Central_Eur,-0.004253333
1970,Central_Eur,1.0120175
1971,Central_Eur,0.106485
1972,Central_Eur,-0.098895
1973,Central_Eur,-0.015095833
1974,Central_Eur,0.186786667
1975,Central_Eur,-0.2473075
1976,Central_Eur,0.060286667
1977,Central_Eur,0.348093333
1978,Central_Eur,0.521731667
1979,Central_Eur,0.140209167
1980,Central_Eur,0.5777875
1981,Central_Eur,0.422466667
1982,Central_Eur,-0.271308333
1983,Central_Eur,-0.332398333
1984,Central_Eur,0.0086925
1985,Central_Eur,0.227539167
1986,Central_Eur,-0.3830375
1987,Central_Eur,-0.240025833
1988,Central_Eur,0.152769167
1989,Central_Eur,-0.397471667
1990,Central_Eur,-0.467801667
1991,Central_Eur,-0.462719167
1992,Central_Eur,-0.434415
1993,Central_Eur,-0.068756667
1994,Central_Eur,-0.307434167
1995,Central_Eur,0.240079167
1996,Central_Eur,-0.406058333
1997,Central_Eur,0.002925833
1998,Central_Eur,0.2616025
1999,Central_Eur,0.0583075
2000,Central_Eur,-0.598989167
2001,Central_Eur,0.232655833
2002,Central_Eur,-0.1340525
2003,Central_Eur,-0.512150833
2004,Central_Eur,0.496889167
2005,Central_Eur,0.411649167
2006,Central_Eur,0.119885
2007,Central_Eur,0.273655833
2008,Central_Eur,0.4115
2009,Central_Eur,-0.067881667
2010,Central_Eur,0.7335925
2011,Central_Eur,-0.4659525
2012,Central_Eur,-0.267431667
2013,Central_Eur,-0.118626667
2014,Central_Eur,-0.622013333
2015,Central_Eur,-0.5485675
2016,Central_Eur,-0.098814167
2017,Central_Eur,-0.32407
2018,Central_Eur,-0.522511667
2019,Central_Eur,-0.548890833
2020,Central_Eur,-0.2277525
2021,Central_Eur,0.30229
2022,Central_Eur,-0.148160833
1950,US,-0.137626667
1951,US,0.627824167
1952,US,0.048055
1953,US,-0.146545833
1954,US,-0.771534167
1955,US,-0.2798475
1956,US,-0.197825
1957,US,0.480969167
1958,US,0.578536667
1959,US,0.238293333
1960,US,0.572396667
1961,US,0.339269167
1962,US,0.149441667
1963,US,-0.2335575
1964,US,-0.461149167
1965,US,0.3736575
1966,US,-0.022145833
1967,US,0.00089
1968,US,-0.239990833
1969,US,0.157133333
1970,US,-0.190129167
1971,US,0.316105833
1972,US,0.256705833
1973,US,0.5928625
1974,US,-0.03798
1975,US,-0.022405
1976,US,-0.243940833
1977,US,-0.247901667
1978,US,-0.1145025
1979,US,0.514543333
1980,US,-0.131146667
1981,US,0.0069775
1982,US,0.345709167
1983,US,0.230261667
1984,US,0.437165
1985,US,0.265028333
1986,US,-0.307045833
1987,US,0.373679167
1988,US,-0.060265
1989,US,-0.169344167
1990,US,0.259995833
1991,US,0.430103333
1992,US,0.2407425
1993,US,0.431785
1994,US,-0.014515
1995,US,0.4192575
1996,US,0.028288333
1997,US,0.34893
1998,US,-0.088663333
1999,US,-0.135906667
2000,US,-0.063664167
2001,US,0.027446667
2002,US,-0.568103333
2003,US,-0.312733333
2004,US,0.092985833
2005,US,-0.179690833
2006,US,-0.186045833
2007,US,0.004200833
2008,US,0.077103333
2009,US,0.215504167
2010,US,-0.16649
2011,US,-0.210525
2012,US,-0.900080833
2013,US,-0.248434167
2014,US,0.263589167
2015,US,0.206369167
2016,US,-0.311945833
2017,US,0.071428333
2018,US,0.0599275
2019,US,0.877001667
2020,US,-0.275599167
2021,US,-0.460393333
2022,US,-0.391189167
1950,Brazil,0.316275
1951,Brazil,-0.005519167
1952,Brazil,0.1116325
1953,Brazil,-0.152448333
1954,Brazil,-0.104338333
1955,Brazil,0.1656775
1956,Brazil,0.72712
1957,Brazil,0.413499167
1958,Brazil,0.5569425
1959,Brazil,-0.187858333
1960,Brazil,0.312644167
1961,Brazil,-0.33089
1962,Brazil,0.165603333
1963,Brazil,-0.235475833
1964,Brazil,0.86776
1965,Brazil,0.3635075
1966,Brazil,0.140575
1967,Brazil,-0.0314275
1968,Brazil,0.962441667
1969,Brazil,0.255308333
1970,Brazil,0.149513333
1971,Brazil,0.137566667
1972,Brazil,-0.04319
1973,Brazil,-0.2138475
1974,Brazil,0.758381667
1975,Brazil,0.217103333
1976,Brazil,0.563149167
1977,Brazil,0.36085
1978,Brazil,0.618981667
1979,Brazil,0.6732425
1980,Brazil,0.439724167
1981,Brazil,0.530639167
1982,Brazil,-0.212635
1983,Brazil,-0.0190225
1984,Brazil,-0.303525833
1985,Brazil,0.611324167
1986,Brazil,0.129721667
1987,Brazil,-0.112320833
1988,Brazil,0.110850833
1989,Brazil,0.651723333
1990,Brazil,0.28158
1991,Brazil,0.401240833
1992,Brazil,0.7587525
1993,Brazil,-0.14168
1994,Brazil,0.03343
1995,Brazil,0.260238333
1996,Brazil,-0.118494167
1997,Brazil,0.3890625
1998,Brazil,-0.581405833
1999,Brazil,-0.034984167
2000,Brazil,0.35044
2001,Brazil,-0.420171667
2002,Brazil,-0.562525833
2003,Brazil,-0.527769167
2004,Brazil,-0.181775
2005,Brazil,-0.331903333
2006,Brazil,0.105681667
2007,Brazil,-1.067414167
2008,Brazil,-0.083093333
2009,Brazil,0.122855
2010,Brazil,-0.742398333
2011,Brazil,-0.626925
2012,Brazil,-0.854684167
2013,Brazil,-0.074148333
2014,Brazil,-0.929806667
2015,Brazil,-1.061514167
2016,Brazil,-1.708341667
2017,Brazil,-1.1693925
2018,Brazil,-0.645098333
2019,Brazil,-1.196115833
2020,Brazil,-0.74151
2021,Brazil,-0.6093875
2022,Brazil,-0.9828025
1950,Canada,0.646151667
1951,Canada,-0.2598775
1952,Canada,-0.325878333
1953,Canada,0.293645833
1954,Canada,0.083830833
1955,Canada,0.0913625
1956,Canada,-0.127279167
1957,Canada,0.22796
1958,Canada,-0.064401667
1959,Canada,-0.164304167
1960,Canada,-0.092998333
1961,Canada,-0.011236667
1962,Canada,0.018726667
1963,Canada,-0.217923333
1964,Canada,0.615574167
1965,Canada,0.331199167
1966,Canada,0.4920575
1967,Canada,-0.019545833
1968,Canada,0.117563333
1969,Canada,-0.087773333
1970,Canada,0.560510833
1971,Canada,0.22055
1972,Canada,0.202418333
1973,Canada,0.007776667
1974,Canada,0.351471667
1975,Canada,-0.056485833
1976,Canada,0.001788333
1977,Canada,0.375444167
1978,Canada,-0.50449
1979,Canada,0.367253333
1980,Canada,-0.357240833
1981,Canada,-0.50021
1982,Canada,0.15711
1983,Canada,0.013786667
1984,Canada,0.157288333
1985,Canada,0.2496075
1986,Canada,-0.208388333
1987,Canada,-0.491095833
1988,Canada,0.482380833
1989,Canada,-0.271536667
1990,Canada,-0.056365833
1991,Canada,-0.300111667
1992,Canada,0.5984225
1993,Canada,-0.395943333
1994,Canada,-0.118774167
1995,Canada,0.2143725
1996,Canada,0.630055
1997,Canada,-0.111776667
1998,Canada,-0.515891667
1999,Canada,-0.0388125
2000,Canada,0.038189167
2001,Canada,0.362746667
2002,Canada,-0.004021667
2003,Canada,-0.133505833
2004,Canada,0.461165
2005,Canada,-0.299044167
2006,Canada,-0.616705833
2007,Canada,0.609115
2008,Canada,0.213326667
2009,Canada,-0.361606667
2010,Canada,-0.68271
2011,Canada,-0.401253333
2012,Canada,-0.26672
2013,Canada,0.311415833
2014,Canada,0.462583333
2015,Canada,0.184851667
2016,Canada,-0.1670125
2017,Canada,0.39832
2018,Canada,-0.094410833
2019,Canada,0.2321225
2020,Canada,-0.2786475
2021,Canada,-0.45818
2022,Canada,0.073773333
1950,Sudan,0.772519167
1951,Sudan,0.743569167
1952,Sudan,0.108824167
1953,Sudan,0.820639167
1954,Sudan,0.289731667
1955,Sudan,0.283031667
1956,Sudan,0.491545833
1957,Sudan,0.370089167
1958,Sudan,-0.167336667
1959,Sudan,0.439116667
1960,Sudan,0.342025
1961,Sudan,1.089765833
1962,Sudan,0.421571667
1963,Sudan,0.428405833
1964,Sudan,0.773689167
1965,Sudan,0.474515833
1966,Sudan,0.004360833
1967,Sudan,0.666693333
1968,Sudan,0.3626675
1969,Sudan,-0.5048225
1970,Sudan,0.2741825
1971,Sudan,0.405191667
1972,Sudan,0.081170833
1973,Sudan,-0.390368333
1974,Sudan,0.545851667
1975,Sudan,0.301716667
1976,Sudan,-0.252328333
1977,Sudan,0.401761667
1978,Sudan,0.35245
1979,Sudan,-0.096140833
1980,Sudan,0.12712
1981,Sudan,0.0704425
1982,Sudan,0.140529167
1983,Sudan,0.1761475
1984,Sudan,-0.589895833
1985,Sudan,-0.246960833
1986,Sudan,0.3020375
1987,Sudan,-0.168264167
1988,Sudan,0.121195
1989,Sudan,0.977284167
1990,Sudan,-0.232415833
1991,Sudan,0.01789
1992,Sudan,0.621004167
1993,Sudan,0.073129167
1994,Sudan,0.415133333
1995,Sudan,0.177731667
1996,Sudan,0.181481667
1997,Sudan,0.070694167
1998,Sudan,0.011548333
1999,Sudan,0.262745
2000,Sudan,0.137928333
2001,Sudan,0.055535
2002,Sudan,-0.062446667
2003,Sudan,-0.4455875
2004,Sudan,-0.780129167
2005,Sudan,-0.331109167
2006,Sudan,0.019895
2007,Sudan,0.206359167
2008,Sudan,-0.311984167
2009,Sudan,-0.877059167
2010,Sudan,-0.8357775
2011,Sudan,-0.03054
2012,Sudan,-0.2718525
2013,Sudan,-0.825324167
2014,Sudan,-0.455725833
2015,Sudan,-0.564721667
2016,Sudan,-0.4017675
2017,Sudan,-0.336189167
2018,Sudan,-0.266474167
2019,Sudan,-0.512540833
2020,Sudan,-0.432563333
2021,Sudan,-0.61023
2022,Sudan,0.127973333
1950,Nigeria,-0.4586325
1951,Nigeria,-0.2920575
1952,Nigeria,-0.0837325
1953,Nigeria,0.0899825
1954,Nigeria,0.666971667
1955,Nigeria,0.389008333
1956,Nigeria,0.1615325
1957,Nigeria,0.7176575
1958,Nigeria,-0.341211667
1959,Nigeria,0.1372175
1960,Nigeria,0.188709167
1961,Nigeria,-0.1861325
1962,Nigeria,0.326126667
1963,Nigeria,0.270698333
1964,Nigeria,0.1615625
1965,Nigeria,-0.144123333
1966,Nigeria,0.271713333
1967,Nigeria,0.008456667
1968,Nigeria,0.337995833
1969,Nigeria,0.592298333
1970,Nigeria,-0.11352
1971,Nigeria,0.493414167
1972,Nigeria,0.014978333
1973,Nigeria,-0.873784167
1974,Nigeria,0.318616667
1975,Nigeria,0.5376575
1976,Nigeria,0.623665
1977,Nigeria,-0.444403636
1978,Nigeria,0.5996675
1979,Nigeria,-0.079513333
1980,Nigeria,0.081695833
1981,Nigeria,0.52922
1982,Nigeria,0.33061
1983,Nigeria,-0.152529167
1984,Nigeria,0.293050833
1985,Nigeria,0.044646667
1986,Nigeria,0.31055
1987,Nigeria,-0.1024475
1988,Nigeria,0.221159167
1989,Nigeria,0.465039167
1990,Nigeria,-0.124155833
1991,Nigeria,0.668695
1992,Nigeria,0.921039167
1993,Nigeria,0.773489167
1994,Nigeria,0.743731667
1995,Nigeria,0.2095575
1996,Nigeria,0.80078
1997,Nigeria,0.478013333
1998,Nigeria,0.237724167
1999,Nigeria,0.066155
2000,Nigeria,0.4640225
2001,Nigeria,0.062510833
2002,Nigeria,0.205585
2003,Nigeria,-0.215310833
2004,Nigeria,-0.469386667
2005,Nigeria,-0.4644475
2006,Nigeria,-0.296939167
2007,Nigeria,-0.202621667
2008,Nigeria,-0.036554167
2009,Nigeria,-0.162963333
2010,Nigeria,-0.220205833
2011,Nigeria,-1.281673333
2012,Nigeria,-0.476198333
2013,Nigeria,-0.998883333
2014,Nigeria,-0.6496525
2015,Nigeria,-0.21326
2016,Nigeria,-0.878094167
2017,Nigeria,-0.2725075
2018,Nigeria,-0.272635833
2019,Nigeria,-0.566575
2020,Nigeria,-0.682788333
2021,Nigeria,-1.040953191
2022,Nigeria,-0.1942325
